uuid,username,email,role,customer_id
55a9eb4b-6396-43b5-b41f-c2478e1d61f2,user0,user0@example.com,ROLE_CLIENT,CUST0
977fe557-73c0-4352-bfac-fcb326e6a93b,user1,user1@example.com,ROLE_CLIENT,CUST1
e2cfdebd-7dd5-4b9a-8fa1-5d11d8ef6e7f,user2,user2@example.com,ROLE_CLIENT,CUST2
35f08ca0-52fa-4854-b385-2f4bece30864,user3,user3@example.com,ROLE_CLIENT,CUST3
dde3f4d5-5b25-4bfc-8e75-5888b5b913cd,user4,user0@example.com,ROLE_CLIENT,CUST4
affc77cb-a382-4222-a34a-6f1e4fb3286f,user5,user5@example.com,ROLE_CLIENT,CUST5
de31870e-78df-42aa-987c-6d37dd19e868,user6,user6@example.com,ROLE_CLIENT,CUST6
2b77f1fb-009b-439e-807e-1816f1d7fe7e,user7,user7@example.com,ROLE_CLIENT,CUST7
8faffe47-1ca7-4849-b5fa-3efc26121930,user8,user8@example.com,ROLE_CLIENT,CUST8
9824b280-9200-4d21-bb46-9d1ff588ecfd,user9,user9@example.com,ROLE_CLIENT,CUST9
7cc99c5c-05b5-4afd-999b-b8096ed469df,user10,user10@example.com,ROLE_CLIENT,CUST10
a4c16f1e-c1b3-49c2-92fe-078e199a5ab7,user11,user11@example.com,ROLE_CLIENT,CUST11
f8008505-5f95-48fe-ac7b-5e2d4e5f6c43,user12,user12@example.com,ROLE_CLIENT,CUST12
12790e91-4499-4304-a5e1-73561bfa8698,user13,user13@example.com,ROLE_CLIENT,CUST13
551e349a-aaf2-422d-bf7c-302f1ea56947,user14,user14@example.com,ROLE_CLIENT,CUST14
2964c71c-3df3-4aba-90ff-7989840f6cf6,user15,user15@example.com,ROLE_CLIENT,CUST15
7389e234-727f-42b2-88f8-f65c2615e39a,user16,user16@example.com,ROLE_CLIENT,CUST16
99521e07-87a6-4e29-87aa-df9521990e9a,user17,user17@example.com,ROLE_CLIENT,CUST17
7af54a53-29e9-4b3d-9ec7-27bd6605f21c,user18,user18@example.com,ROLE_CLIENT,CUST18
739b5086-10bb-4748-ade9-c4d4e13da0e4,user19,user19@example.com,ROLE_CLIENT,CUST19
95244341-ee03-43cc-9c92-625ee0f1bb0e,user20,user20@example.com,ROLE_CLIENT,CUST20
6f679f20-a520-4844-b579-f94007e4cb75,user21,user21@example.com,ROLE_CLIENT,CUST21
c01cbec9-2afa-438d-9cad-45c05ab48b97,user22,user22@example.com,ROLE_CLIENT,CUST22
8652ea78-83bb-4fd0-a670-3081113971d8,user23,user23@example.com,ROLE_CLIENT,CUST23
1f48aa45-095a-436f-86fd-435237451bce,user24,user24@example.com,ROLE_CLIENT,CUST24
864ba5ef-e379-4c29-bced-e6e742d862e4,user25,user25@example.com,ROLE_CLIENT,CUST25
7c55979a-f1c8-4431-9378-3066f0c19bff,user26,user26@example.com,ROLE_CLIENT,CUST26
7f9d720f-ad8d-4c15-a751-f35e2b7e8883,user27,user27@example.com,ROLE_CLIENT,CUST27
85fb556d-6355-4490-b49a-040b3d4d73d3,user28,user28@example.com,ROLE_CLIENT,CUST28
6859af2f-2a44-47e7-86f9-db79e5e0c3c4,user29,user29@example.com,ROLE_CLIENT,CUST29
5963cf89-08a5-460b-b5da-35b55711c8a7,user30,user30@example.com,ROLE_CLIENT,CUST30
64886fc7-ae01-4708-b523-a306c0c4544c,user31,user31@example.com,ROLE_CLIENT,CUST31
9f7d3ca9-8e51-46fa-be57-10526fccd6a4,user32,user32@example.com,ROLE_CLIENT,CUST32
a74e9b39-cc07-4627-a6a6-5d6c97713178,user33,user33@example.com,ROLE_CLIENT,CUST33
bbfce125-fa0a-4901-acc3-ad74de0f7ed5,user34,user34@example.com,ROLE_CLIENT,CUST34
ac5cdd85-0255-4e00-82f9-bbf239d8e569,user35,user35@example.com,ROLE_CLIENT,CUST35
5c3ff4b6-4794-40f7-93e5-40ad5860c32c,user36,user36@example.com,ROLE_CLIENT,CUST36
f862bc2c-efa8-4b2b-8bea-f157584b5450,user37,user37@example.com,ROLE_CLIENT,CUST37
7bd52d95-be3a-444b-ac86-9dee4f026c76,user38,user38@example.com,ROLE_CLIENT,CUST38
242a1801-5ad5-43dc-b8b1-55c144e57096,user39,user39@example.com,ROLE_CLIENT,CUST39
88a5f324-88e2-4f54-8b3c-bbc9c721b8b1,user40,user40@example.com,ROLE_CLIENT,CUST40
37ac26b1-75b9-4705-8384-2892b00fa3da,user41,user41@example.com,ROLE_CLIENT,CUST41
12e954c2-82ec-42f3-8284-2b157b40ebc9,user42,user42@example.com,ROLE_CLIENT,CUST42
505496c1-9865-4c19-8e7e-1abe491f4667,user43,user43@example.com,ROLE_CLIENT,CUST43
f15d6cf1-76b3-4f5e-b07e-267ba4c2a1f7,user44,user44@example.com,ROLE_CLIENT,CUST44
d7900c8b-b951-4d6a-83a5-fde8c6605299,user45,user45@example.com,ROLE_CLIENT,CUST45
eb51f342-35b3-418c-955a-38912e89d0eb,user46,user46@example.com,ROLE_CLIENT,CUST46
a5b29307-86f9-4773-bab2-6bae2d3925e8,user47,user47@example.com,ROLE_CLIENT,CUST47
784f9a18-cd6e-4373-8aae-a163ceac6a43,user48,user48@example.com,ROLE_CLIENT,CUST48
85cd94fe-9568-48d8-9d23-1151af9f18cb,user49,user49@example.com,ROLE_CLIENT,CUST49
e8640ea5-4936-4021-8c4b-01f6d53c069b,user50,user50@example.com,ROLE_CLIENT,CUST50
80c3212a-68fe-43f9-b7b6-88dcc4ab3c65,user51,user51@example.com,ROLE_CLIENT,CUST51
1691a728-0989-4ffa-a607-8d192d8d3c62,user52,user52@example.com,ROLE_CLIENT,CUST52
916c18aa-5a23-4df8-9f5a-6bcae31f1e20,user53,user53@example.com,ROLE_CLIENT,CUST53
493a2372-4662-4808-82d6-21ad14566242,user54,user54@example.com,ROLE_CLIENT,CUST54
21220ba2-e7b7-4cca-9f1a-9b55a87e8f2d,user55,user55@example.com,ROLE_CLIENT,CUST55
2edf6ed0-2ccd-4f53-bd1b-f3d68bc6708a,user56,user56@example.com,ROLE_CLIENT,CUST56
345acdcf-3f12-4907-8fd7-c0905340ff55,user57,user57@example.com,ROLE_CLIENT,CUST57
599312df-adbe-4976-9e75-7204944aa40f,user58,user58@example.com,ROLE_CLIENT,CUST58
3b4e068f-0708-45fa-aac0-ff50acab1a71,user59,user59@example.com,ROLE_CLIENT,CUST59
5a0097a6-6ef0-4145-ba61-a7c7167a4239,user60,user60@example.com,ROLE_CLIENT,CUST60
c8ea65a7-5129-42c0-a3fb-02e087b4a0b5,user61,user61@example.com,ROLE_CLIENT,CUST61
ef4e6e5a-dbc7-4667-8871-c660c8c42639,user62,user62@example.com,ROLE_CLIENT,CUST62
6454b3a9-842a-4d77-92f9-85b0f33f8648,user63,user63@example.com,ROLE_CLIENT,CUST63
eee7522a-d9a4-4e2c-b6b5-8da31dcac3fe,user64,user64@example.com,ROLE_CLIENT,CUST64
5a6ad547-088b-473f-b8bc-1b20b06861b9,user65,user65@example.com,ROLE_CLIENT,CUST65
555b9420-614f-4870-a8af-eed38d22d981,user66,user66@example.com,ROLE_CLIENT,CUST66
8667bae9-9546-4919-8ffa-9da4728e50db,user67,user67@example.com,ROLE_CLIENT,CUST67
23cdb2da-5703-47a4-b068-7d46b821d4a6,user68,user68@example.com,ROLE_CLIENT,CUST68
836a0562-6ad5-4813-a24a-560266a517db,user69,user69@example.com,ROLE_CLIENT,CUST69
5193f3ce-8ccb-48da-a285-bf6f48da2c5d,user70,user70@example.com,ROLE_CLIENT,CUST70
6560ec87-d03f-4a7b-80c4-88b4a931da46,user71,user71@example.com,ROLE_CLIENT,CUST71
a0a03a94-05a1-41e9-97a3-6e53b6fe06e5,user72,user72@example.com,ROLE_CLIENT,CUST72
57dcfbfc-16b3-4a23-91aa-2a04b16e77bf,user73,user73@example.com,ROLE_CLIENT,CUST73
fbca6576-52e3-4626-a2c3-89b4ed3b8525,user74,user74@example.com,ROLE_CLIENT,CUST74
944b4b04-c3a6-4f81-a124-4256b769e21b,user75,user75@example.com,ROLE_CLIENT,CUST75
d0e836ff-6121-48f6-a63c-c85890326a52,user76,user76@example.com,ROLE_CLIENT,CUST76
c2b6664b-04b9-42eb-9255-a8858389bd69,user77,user77@example.com,ROLE_CLIENT,CUST77
ee710618-a634-45e5-aeb7-55377da73252,user78,user78@example.com,ROLE_CLIENT,CUST78
1e9f7181-def1-4355-91bc-eae227bdfb06,user79,user79@example.com,ROLE_CLIENT,CUST79
6461e822-cc48-414a-96be-425a72185929,user80,user80@example.com,ROLE_CLIENT,CUST80
cfd271f9-b804-4f8b-a56b-f83e06d55f4d,user81,user81@example.com,ROLE_CLIENT,CUST81
4f346861-2af2-4e9c-8df4-39fa6a08d4fd,user82,user82@example.com,ROLE_CLIENT,CUST82
a4580db1-fcfd-42da-80ef-d10b22a7ccba,user83,user83@example.com,ROLE_CLIENT,CUST83
294d2c5f-205e-4d78-bfef-69c06d83b37b,user84,user84@example.com,ROLE_CLIENT,CUST84
8ecff3db-f8c3-4564-88fe-556978b04912,user85,user85@example.com,ROLE_CLIENT,CUST85
7da5380b-82cf-40b8-93fd-d9df2c944643,user86,user86@example.com,ROLE_CLIENT,CUST86
dc7c143f-7c0d-4cce-8da9-45d91f24c84f,user87,user87@example.com,ROLE_CLIENT,CUST87
025fb0ae-c6fb-441b-a3c7-d5025f5302ce,user88,user88@example.com,ROLE_CLIENT,CUST88
c4b3c88a-17ca-46cd-b2a1-22ad6ceb09a0,user89,user89@example.com,ROLE_CLIENT,CUST89
7e216ae3-8bf2-46da-9161-162cf79a7795,user90,user90@example.com,ROLE_CLIENT,CUST90
4e4a6434-445c-4b17-8582-da48eb45db8b,user91,user91@example.com,ROLE_CLIENT,CUST91
ac30ca48-b192-4c91-8e14-10c3cf8cac40,user92,user92@example.com,ROLE_CLIENT,CUST92
5ee8814b-5173-4620-af8c-1b834760389e,user93,user93@example.com,ROLE_CLIENT,CUST93
ce83db5d-3640-4833-86b3-e75ef37e3f5e,user94,user94@example.com,ROLE_CLIENT,CUST94
5ceb2e67-c201-4b1d-8ab1-1ed5d665ae82,user95,user95@example.com,ROLE_CLIENT,CUST95
e980fd4e-39fe-47dd-b6a1-02858fc21988,user96,user96@example.com,ROLE_CLIENT,CUST96
8448b37b-0de8-4567-a518-c15b0342c8ff,user97,user97@example.com,ROLE_CLIENT,CUST97
341a11cf-7512-4c04-b583-c68003fb87e5,user98,user98@example.com,ROLE_CLIENT,CUST98
dcf35ae7-7722-412f-9092-2b0c2b22130e,user99,user99@example.com,ROLE_CLIENT,CUST99
